action,zoho_item_id,zoho_sku,zoho_name,zoho_category,zoho_brand,zoho_price,usage_signal,internal_id,internal_brand,internal_model,internal_match_method,zuper_id,zuper_name,zuper_match_method
NEW_INT_NEW_ZUPER,5385454000001013047,THHN4STRBLK-CUT,#4AWG THHN Black,Wire,,1.315815,in 2026 SO,(newly created),,,,(newly created),,
NEW_INT_NEW_ZUPER,5385454000001193728,THHHN6STRBLK-CUT,#6 AWG CU THHN Black,Wire,,1,modified in 2026,(newly created),,,,(newly created),,
NEW_INT_NEW_ZUPER,5385454000016766009,1206,"1 1/2"" Sealing Lockring",,,,modified in 2026,(newly created),,,,(newly created),,
NEW_INT_NEW_ZUPER,5385454000018009868,GRC125,"1 1/4"" Gal Coupling",,,,modified in 2026,(newly created),,,,(newly created),,
NEW_INT_NEW_ZUPER,5385454000002771328,4303TZ,"1"" ALUM FLEX RW",Other,,2.5411,modified in 2026,(newly created),,,,(newly created),,
NEW_INT_NEW_ZUPER,5385454000001230940,1-inch-emt,"1"" EMT 10ft Stick",Electrical Component,,1,modified in 2026,(newly created),,,,(newly created),,
NEW_INT_NEW_ZUPER,5385454000002728405,8630,"1"" EMT to Flex Coupling",Coupling,,1,modified in 2026,(newly created),,,,(newly created),,
NEW_INT_NEW_ZUPER,5385454000002630103,05016902103,"1"" Flex connectors",Electrical Component,,,modified in 2026,(newly created),,,,(newly created),,
NEW_INT_NEW_ZUPER,5385454000002728519,GRC100,"1"" Galvanized Coupling",Coupling,,1,modified in 2026,(newly created),,,,(newly created),,
NEW_INT_NEW_ZUPER,5385454000002558973,51146,"1"" ground bushing",Bushing,,6.244,modified in 2026,(newly created),,,,(newly created),,
NEW_INT_NEW_ZUPER,5385454000002731109,LB43CG,"1"" LB Aluminum Condulet W/Cover & Gasket",,,1,modified in 2026,(newly created),,,,(newly created),,
NEW_INT_NEW_ZUPER,5385454000016968705,1004,"1"" Lock Ring",,,,modified in 2026,(newly created),,,,(newly created),,
NEW_INT_NEW_ZUPER,5385454000002731175,LR43CG,"1"" LR Aluminum Condulet W/Cover & Gasket",,,1,modified in 2026,(newly created),,,,(newly created),,
NEW_INT_NEW_ZUPER,5385454000019945744,NMLT50,"1"" LT Connector",,,,modified in 2026,(newly created),,,,(newly created),,
NEW_INT_NEW_ZUPER,5385454000018012641,tc100a,"1"" Meter Hub",,,,modified in 2026,(newly created),,,,(newly created),,
NEW_INT_NEW_ZUPER,5385454000009462065,323,"1"" Plastic Ground Bushing",Bushing,,0.2191,modified in 2026,(newly created),,,,(newly created),,
NEW_INT_NEW_ZUPER,5385454000006367196,10045ELBBE,"1"" PVC 45° Elbow, Schedule 40, Gray, Bell End",PVC,,1.7137,in 2026 SO,(newly created),,,,(newly created),,
NEW_INT_NEW_ZUPER,5385454000002876845,252-RT2,"1"" RAIN TIGHT COMPRESSION CONN",Electrical Component,,,modified in 2026,(newly created),,,,(newly created),,
NEW_INT_NEW_ZUPER,5385454000007436181,1334,"1"" Rigid 1-Hole Strap",Strap,,,modified in 2026,(newly created),,,,(newly created),,
NEW_INT_NEW_ZUPER,5385454000014809067,2904RTE,"1"" RT Conn",,,,modified in 2026,(newly created),,,,(newly created),,
NEW_INT_NEW_ZUPER,5385454000011413867,262-RT,"1"" RT Coupling",Coupling,,,modified in 2026,(newly created),,,,(newly created),,
NEW_INT_NEW_ZUPER,5385454000011413822,252-RT2XL,"1"" RT XL Conn",,,8.58378,modified in 2026,(newly created),,,,(newly created),,
NEW_INT_NEW_ZUPER,5385454000006726529,gf100,"1"" SCREW-IN FLEX CONN",,,6.7196,modified in 2026,(newly created),,,,(newly created),,
NEW_INT_NEW_ZUPER,5385454000002728436,1204,"1"" Sealing Locknut Steel",Locknut,,2.20838,modified in 2026,(newly created),,,,(newly created),,
NEW_INT_NEW_ZUPER,5385454000018009821,RLT100,"1"" T Body- EMT",,,,modified in 2026,(newly created),,,,(newly created),,
NEW_INT_NEW_ZUPER,5385454000002728498,GRC100XCL,"1"" Threaded Conduit Nipple (Close)",Nipple,,1.6202,modified in 2026,(newly created),,,,(newly created),,
NEW_INT_NEW_ZUPER,5385454000009462086,HUB125DN,"1"" threaded hub",,,4.779,modified in 2026,(newly created),,,,(newly created),,
NEW_INT_NEW_ZUPER,5385454000002728612,1216,"1-1/2"" Grounding Bushing",Bushing,,1,modified in 2026,(newly created),,,,(newly created),,
NEW_INT_NEW_ZUPER,5385454000002732012,2906RT,"1-1/2"" Raintight EMT Compression Connector",,,1,modified in 2026,(newly created),,,,(newly created),,
NEW_INT_NEW_ZUPER,5385454000002659136,27111906/ 2100626,"1-1/2"" x 4"" Daredevil™ Stubby Length Carbide Spade Bit",Other,,,modified in 2026,(newly created),,,,(newly created),,
NEW_INT_NEW_ZUPER,5385454000002558465,53937/ 27111539,"1-1/4"" Wood Boring Spade Bits",Non-inventory,,,modified in 2026,(newly created),,,,(newly created),,
NEW_INT_NEW_ZUPER,5385454000002558519,0224353/ 27112826,"1-3/8"" Hole Saw-Bi Metal",Non-inventory,,,modified in 2026,(newly created),,,,(newly created),,
NEW_INT_NEW_ZUPER,5385454000001869019,"A52BC12 1 1/4"" S40","1.25"" SCH 40 PVC",PVC,,,in 2026 SO,(newly created),,,,(newly created),,
NEW_INT_NEW_ZUPER,5385454000002499119,"A52BC12 1 1/4"" S80","1.25"" SCH 80 PVC",PVC,,,in 2026 SO,(newly created),,,,(newly created),,
NEW_INT_NEW_ZUPER,5385454000001869095,"1-1/4"" EMT STRUT STRAP","1.25"" Strut Straps",Strap,,,in 2026 SO,(newly created),,,,(newly created),,
NEW_INT_NEW_ZUPER,5385454000000425363,THHN-1/0-BLK-19STR-CU-500R,1/0- THHN BLK,Wire,,,modified in 2026,(newly created),,,,(newly created),,
NEW_INT_NEW_ZUPER,5385454000000518124,101DC,1/2 Diecast Locknut,Locknut,,0.1928,modified in 2026,(newly created),,,,(newly created),,
NEW_INT_NEW_ZUPER,5385454000002734115,M3231GX,"1/2"" 1 hole strain relief",,,1,in 2026 SO,(newly created),,,,(newly created),,
NEW_INT_NEW_ZUPER,5385454000010597780,RN3,1/2IN- 3/4IN - 1IN ROOF BOOT,,,,modified in 2026,(newly created),,,,(newly created),,
NEW_INT_NEW_ZUPER,5385454000000167624,68873 /THHN-10-BLK-19STR-CU-500S/R,10 AWG; Black THHN STR,Wire,,,modified in 2026,(newly created),,,,(newly created),,
NEW_INT_NEW_ZUPER,5385454000000167599,68536/ THHN-10-GRN-19STR-CU-500RL,10 AWG; Green THHN STR,Wire,,,modified in 2026,(newly created),,,,(newly created),,
NEW_INT_NEW_ZUPER,5385454000000167574,68712/ THHN-10-RED-19STR-CU-500S/R,10 AWG; Red THHN STR,Wire,,,modified in 2026,(newly created),,,,(newly created),,
NEW_INT_NEW_ZUPER,5385454000007747534,TM-FTL-010,"10"", MILL KIT, FIXED TILT LEG,",,,25.97,in 2026 SO,(newly created),,,,(newly created),,
NEW_INT_NEW_ZUPER,5385454000000481307,Q2100,100A Siemens 2P Breaker,Breaker,Siemens,57.24,modified in 2026,(newly created),,,,(newly created),,
NEW_INT_NEW_ZUPER,5385454000002696001,CSR2125N,125A CSR -Main Breaker,Breaker,EATON,131,modified in 2026,(newly created),,,,(newly created),,
NEW_INT_NEW_ZUPER,5385454000019191031,125amp Fused Disconnect,125amp Fused Disconnect,,,,modified in 2026,(newly created),,,,(newly created),,
NEW_INT_NEW_ZUPER,5385454000006048597,Thhn12strwhite-500,12awg- white,Wire,,,modified in 2026,(newly created),,,,(newly created),,
NEW_INT_NEW_ZUPER,5385454000008262575,12X12X4,12X12X4-JCT-BOX-W/CVR,,,,in 2026 SO,(newly created),,,,(newly created),,
NEW_INT_NEW_ZUPER,5385454000017949045,THHN14STRWHT500RL,14awg THHN White,Wire,,,modified in 2026,(newly created),,,,(newly created),,
NEW_INT_NEW_ZUPER,5385454000002840209,CHT1515,15/15 Cutler Hammer Tandem,Electrical Component,,,in 2026 SO,(newly created),,,,(newly created),,
LINK_ALL,5385454000000477391,HOM2-15,15/15A Twin Square D Single P Breaker,Breaker,,,in 2026 SO,cmn6lskzo00097a8ojkax2vn1,Square D,HOM215,sku,f54af097-f118-4032-9ff9-5adac8acfd24,15/15A Twin Square D Single P Breaker,name
NEW_INT_NEW_ZUPER,5385454000003522600,HOMT1515230,15/30 Quad SQD,Breaker,,,modified in 2026,(newly created),,,,(newly created),,
NEW_INT_NEW_ZUPER,5385454000006624019,150A Eaton Main Breaker,150A Eaton Main Breaker,Breaker,,131,modified in 2026,(newly created),,,,(newly created),,
NEW_INT_NEW_ZUPER,5385454000000640115,1604FS,16/4 STRANDED SHIELDED 600 VC UV RESISTANT DIRECT BURY BLACK JACKET,Electrical Component,,0.56,modified in 2026,(newly created),,,,(newly created),,
NEW_INT_NEW_ZUPER,5385454000020010376,1609FS,16/9 STRANDED SHIELDED 600 VC UV RESISTANT DIRECT BURY BLACK JACKET,,,,modified in 2026,(newly created),,,,(newly created),,
NEW_INT_NEW_ZUPER,5385454000002619094,BPT 922S,1IN 1 Hole EMT staps,Strap,,,modified in 2026,(newly created),,,,(newly created),,
NEW_INT_NEW_ZUPER,5385454000003041134,35900,1X2-GALV NIPPLE,Nipple,,,modified in 2026,(newly created),,,,(newly created),,
NEW_INT_NEW_ZUPER,5385454000017734009,GRC100x300,1x3 Nipple,,,,modified in 2026,(newly created),,,,(newly created),,
NEW_INT_NEW_ZUPER,5385454000017568411,GRC100X400,"1x4"" Nipples",,,,modified in 2026,(newly created),,,,(newly created),,
NEW_INT_NEW_ZUPER,5385454000002854162,ORBIT RN100C,1XCLS COND NIPPLE,Nipple,,1.4583,modified in 2026,(newly created),,,,(newly created),,
NEW_INT_NEW_ZUPER,5385454000007103013,068064,"2 1/2"" METER RISER SMR25TA",Electrical Component,,52.75897,modified in 2026,(newly created),,,,(newly created),,
NEW_INT_NEW_ZUPER,5385454000011291935,ELEMT2,"2"" elbow",PVC,,11.89,modified in 2026,(newly created),,,,(newly created),,
NEW_INT_NEW_ZUPER,5385454000000164099,98001002006,"2"" EMT 10ft",Electrical Component,,,modified in 2026,(newly created),,,,(newly created),,
NEW_INT_NEW_ZUPER,5385454000001190015,EMT20090,"2"" EMT 90° Elbow",PVC,,15.63,modified in 2026,(newly created),,,,(newly created),,
NEW_INT_NEW_ZUPER,5385454000011047706,49053,"2"" EMT Conduit, Steel, 10' Length",Electrical Component,,,modified in 2026,(newly created),,,,(newly created),,
NEW_INT_NEW_ZUPER,5385454000011047792,PS-1000-AS-2-EG,"2"" EMT Strut Strap, Steel, Electro-Galvanized",Strap,,1.6301,modified in 2026,(newly created),,,,(newly created),,
NEW_INT_NEW_ZUPER,5385454000002728681,1218,"2"" Grounding Bushing",Bushing,,11.1618,modified in 2026,(newly created),,,,(newly created),,
NEW_INT_NEW_ZUPER,5385454000001872398,LB200CG,"2"" LB",Electrical Component,,,modified in 2026,(newly created),,,,(newly created),,
NEW_INT_NEW_ZUPER,5385454000002448287,106S,"2"" Locknut",Locknut,,1.5,modified in 2026,(newly created),,,,(newly created),,
NEW_INT_NEW_ZUPER,5385454000002448268,326,"2"" plastic bushing",Bushing,,0.9,modified in 2026,(newly created),,,,(newly created),,
NEW_INT_NEW_ZUPER,5385454000002448192,EL2,"2"" PVC 90",PVC,,6.0727,in 2026 SO,(newly created),,,,(newly created),,
NEW_INT_NEW_ZUPER,5385454000002448363,CONDS802,"2"" Sched 80 PVC",PVC,,1.9354,in 2026 SO,(newly created),,,,(newly created),,
NEW_INT_NEW_ZUPER,5385454000002448150,COND2,"2"" Sched. 40 PVC",PVC,,1,in 2026 SO,(newly created),,,,(newly created),,
NEW_INT_NEW_ZUPER,5385454000002728960,GRC200X600,"2"" Threaded Conduit Nipple (6"")",Nipple,,1,modified in 2026,(newly created),,,,(newly created),,
NEW_INT_NEW_ZUPER,5385454000012867269,250MA,"2-1/2"" PVC Male Terminal Adapter.",PVC,,1.9424,modified in 2026,(newly created),,,,(newly created),,
NEW_INT_NEW_ZUPER,5385454000000932738,ARLINGTON456,"2.5"" Bond Bushing",Bushing,,,in 2026 SO,(newly created),,,,(newly created),,
NEW_INT_NEW_ZUPER,5385454000000932755,ARLINGTON446,"2.5"" Plastic Bushing",Bushing,,2.06,in 2026 SO,(newly created),,,,(newly created),,
NEW_INT_NEW_ZUPER,5385454000002840232,CHT2020,20/20 Cutler Hammer Tandem,Electrical Component,,,in 2026 SO,(newly created),,,,(newly created),,
NEW_INT_NEW_ZUPER,5385454000008377004,THQLQ202020,20/20 Quad GE,Breaker,,40.436,in 2026 SO,(newly created),,,,(newly created),,
NEW_INT_NEW_ZUPER,5385454000017842561,THQLQ204020,20/40 GE Quad,Breaker,,,modified in 2026,(newly created),,,,(newly created),,
NEW_INT_NEW_ZUPER,5385454000016797556,hom2200,200amp SQD 2pole,Breaker,,,modified in 2026,(newly created),,,,(newly created),,
NEW_INT_NEW_ZUPER,5385454000000477904,Q120,20A Siemens Single Pole Breaker,Breaker,Siemens,,in 2026 SO,(newly created),,,,(newly created),,
NEW_INT_NEW_ZUPER,5385454000019129098,br220h,20amp 2p- BRH,Breaker,,,in 2026 SO,(newly created),,,,(newly created),,
NEW_INT_NEW_ZUPER,5385454000011291914,24x24x6,24x24x6,,,250,in 2026 SO,(newly created),,,,(newly created),,
NEW_INT_NEW_ZUPER,5385454000016697186,2awg black,2awg black,,,,modified in 2026,(newly created),,,,(newly created),,
NEW_INT_NEW_ZUPER,5385454000016697217,2awg red,2awg red,,,,modified in 2026,(newly created),,,,(newly created),,
NEW_INT_NEW_ZUPER,5385454000016697248,2awg white,2awg white,,,,modified in 2026,(newly created),,,,(newly created),,
NEW_INT_NEW_ZUPER,5385454000020010746,NIPGAL2x3,2x3 Nipple,,,,modified in 2026,(newly created),,,,(newly created),,
NEW_INT_NEW_ZUPER,5385454000000705039,THHN3STRBLK,"3 AWG THHN/THWN-2 Stranded Copper, Black, Cut to Length",Wire,,1.81181,in 2026 SO,(newly created),,,,(newly created),,
NEW_INT_NEW_ZUPER,5385454000000352072,U9701RXL,3 Phase 200A Meter Housing,Electrical Component,Milbank,330.95,modified in 2026,(newly created),,,,(newly created),,
NEW_INT_NEW_ZUPER,5385454000003063670,cond galv3,"3"" GALV-STEEL (GROUND MOUNT)",Coupling,,19.4499,modified in 2026,(newly created),,,,(newly created),,
NEW_INT_NEW_ZUPER,5385454000002780580,GRC300,"3"" Galvanized Coupling",Coupling,,,modified in 2026,(newly created),,,,(newly created),,
NEW_INT_NEW_ZUPER,5385454000002669009,IRIDG GM-BRC3-01-M1,"3"" IR L Brackets",,,11.5,modified in 2026,(newly created),,,,(newly created),,
NEW_INT_NEW_ZUPER,5385454000006389458,108S,"3"" LOCKNUT",Locknut,,5.31,modified in 2026,(newly created),,,,(newly created),,
NEW_INT_NEW_ZUPER,5385454000006389479,328,"3"" PLASTIC Bushing",Bushing,,1.78,modified in 2026,(newly created),,,,(newly created),,
NEW_INT_NEW_ZUPER,5385454000012867312,300MA,"3"" PVC Male Terminal Adapter.",PVC,,3.17173,modified in 2026,(newly created),,,,(newly created),,
NEW_INT_NEW_ZUPER,5385454000003063628,GM-BRC3-01-M1,3'' BONDED CONNECTOR (GROUND MOUNT),,,11.5,modified in 2026,(newly created),,,,(newly created),,
NEW_INT_NEW_ZUPER,5385454000003063649,70-0300-SGA,3'' TOP CAP (GROUND MOUNT),,,,modified in 2026,(newly created),,,,(newly created),,
NEW_INT_NEW_ZUPER,5385454000002685248,282DC,3/4 comb coup,,,1,modified in 2026,(newly created),,,,(newly created),,
NEW_INT_NEW_ZUPER,5385454000002730813,RLB075,3/4 LB EMT,,,4.8354,modified in 2026,(newly created),,,,(newly created),,
NEW_INT_NEW_ZUPER,5385454000002685164,301DC,3/4 offset nipple,Nipple,,1,modified in 2026,(newly created),,,,(newly created),,
NEW_INT_NEW_ZUPER,5385454000006726571,251-RT2,3/4 RAIN TIGHT COMP  CONN,,,5.85795,modified in 2026,(newly created),,,,(newly created),,
NEW_INT_NEW_ZUPER,5385454000009462002,2003,3/4 set screw connector,Screw,,0.24479,modified in 2026,(newly created),,,,(newly created),,
NEW_INT_NEW_ZUPER,5385454000009189771,2023,3/4 set screw coupling,Coupling,,0.28776,modified in 2026,(newly created),,,,(newly created),,
NEW_INT_NEW_ZUPER,5385454000000167254,921-S,"3/4"" 1 hole EMT Strap",Strap,,,modified in 2026,(newly created),,,,(newly created),,
NEW_INT_NEW_ZUPER,5385454000002729205,091111004315,"3/4"" Close Nipple",Nipple,,1.13651,modified in 2026,(newly created),,,,(newly created),,
NEW_INT_NEW_ZUPER,5385454000019847256,291-RT,"3/4"" Combination Coupling",,,,modified in 2026,(newly created),,,,(newly created),,
NEW_INT_NEW_ZUPER,5385454000002728374,251-RT2XL,"3/4"" Compression Connector",,,1,modified in 2026,(newly created),,,,(newly created),,
NEW_INT_NEW_ZUPER,5385454000004680681,251-SRT,"3/4"" Compression Connector -BridgePort",,,1.3621,modified in 2026,(newly created),,,,(newly created),,
NEW_INT_NEW_ZUPER,5385454000006146320,2053,"3/4"" CONDUIT HANGER",,,0.55755,modified in 2026,(newly created),,,,(newly created),,
NEW_INT_NEW_ZUPER,5385454000002579637,261-RT,"3/4"" Couplings RT -Bridgeport",Coupling,,,modified in 2026,(newly created),,,,(newly created),,
NEW_INT_NEW_ZUPER,5385454000001846157,1664088/ 10102,"3/4"" EMT 10ft Stick",Electrical Component,,0.83612,modified in 2026,(newly created),,,,(newly created),,
NEW_INT_NEW_ZUPER,5385454000002559440,GRC075,"3/4"" GALV CPLG",Coupling,,2.68,modified in 2026,(newly created),,,,(newly created),,
NEW_INT_NEW_ZUPER,5385454000016055269,UA075GRY100CL,"3/4"" Liquid Tight 100' roll",Other,,,modified in 2026,(newly created),,,,(newly created),,
NEW_INT_NEW_ZUPER,5385454000006726613,402,"3/4"" LOCKNUT",Locknut,,,modified in 2026,(newly created),,,,(newly created),,
NEW_INT_NEW_ZUPER,5385454000019251433,2863,"3/4"" NM Cable Connector",,,,modified in 2026,(newly created),,,,(newly created),,
NEW_INT_NEW_ZUPER,5385454000006726592,441,"3/4"" PLASTIC BUSHING",Bushing,,0.10797,modified in 2026,(newly created),,,,(newly created),,
NEW_INT_NEW_ZUPER,5385454000002485442,343026 /BPT 251RT2,"3/4"" Raintight EMT Connectors",,,,modified in 2026,(newly created),,,,(newly created),,
NEW_INT_NEW_ZUPER,5385454000007436154,341,"3/4"" Rigid 1-Hole Strap",Strap,,,modified in 2026,(newly created),,,,(newly created),,
NEW_INT_NEW_ZUPER,5385454000002716071,01899776375,"3/4"" Screw-in Flex Coupling",Coupling,,0.27671,modified in 2026,(newly created),,,,(newly created),,
NEW_INT_NEW_ZUPER,5385454000002630042,1203,"3/4"" Sealing Locknut",Locknut,,1.52963,modified in 2026,(newly created),,,,(newly created),,
NEW_INT_NEW_ZUPER,5385454000002590134,Flex RWA-3/4,3/4'' ALUM FLEX,,,0.95739,modified in 2026,(newly created),,,,(newly created),,
NEW_INT_NEW_ZUPER,5385454000002448405,NIPGAL-3/4X2,3/4x2 nipple,Nipple,,1,modified in 2026,(newly created),,,,(newly created),,
NEW_INT_NEW_ZUPER,5385454000002559459,"3/4x4"" nipple","3/4x4"" nipple",Nipple,,3.06,modified in 2026,(newly created),,,,(newly created),,
NEW_INT_NEW_ZUPER,5385454000002448424,NIPGAL-3/4X6,"3/4x6"" nipple",Nipple,,1,modified in 2026,(newly created),,,,(newly created),,
NEW_INT_NEW_ZUPER,5385454000011188001,GRC-3834,3/8 Ground Acorn,,,,modified in 2026,(newly created),,,,(newly created),,
NEW_INT_NEW_ZUPER,5385454000002558374,0136005/ 31162104,"3/8"" x 3"" Tapcon Concrete Screw Anchor",Screw,,,modified in 2026,(newly created),,,,(newly created),,
NEW_INT_NEW_ZUPER,5385454000005657036,THHN4STRRED-CUT,"4 AWG THHN/THWN-2 Stranded Copper, Red",Wire,,1.315815,in 2026 SO,(newly created),,,,(newly created),,
NEW_INT_NEW_ZUPER,5385454000005657069,THHN4STRWHT-CUT,"4 AWG THHN/THWN-2 Stranded Copper, White",Wire,,1.315815,in 2026 SO,(newly created),,,,(newly created),,
NEW_INT_NEW_ZUPER,5385454000003858377,232,"4"" Square Box, Welded, 2-1/8"" Depth, 1/2 and 3/4"" Knockouts, Steel",Electrical Component,,1.75941,modified in 2026,(newly created),,,,(newly created),,
NEW_INT_NEW_ZUPER,5385454000005622016,810C,"4"" Square Exposed Work Cover, Single 2.141 Item #: 26852 Cat #: 810C",Electrical Component,,1.86339,modified in 2026,(newly created),,,,(newly created),,
NEW_INT_NEW_ZUPER,5385454000002646310,XHHW4/0STRBLK-CUT/ 1259871,"4/0 AWG Aluminum, Cut to Length",Wire,,5.824,in 2026 SO,(newly created),,,,(newly created),,
NEW_INT_NEW_ZUPER,5385454000019129131,BR240H,40amp 2p- BRH,Breaker,,,in 2026 SO,(newly created),,,,(newly created),,
NEW_INT_NEW_ZUPER,5385454000002587350,EMT20045/ 40679,"45° Elbow- 2""",PVC,,,modified in 2026,(newly created),,,,(newly created),,
NEW_INT_NEW_ZUPER,5385454000017842620,THQLP250,50 amp 2p SLIM GE,Breaker,,,modified in 2026,(newly created),,,,(newly created),,
NEW_INT_NEW_ZUPER,5385454000003909043,HOM250GFCI,50A 2p GFCI SQD,Breaker,,134.26,modified in 2026,(newly created),,,,(newly created),,
NEW_INT_NEW_ZUPER,5385454000000481352,Q250,50A Siemens 2P Breaker,Breaker,Siemens,25.439,in 2026 SO,(newly created),,,,(newly created),,
NEW_INT_NEW_ZUPER,5385454000003038909,94553,"6 AWG THHN/THWN-2 Stranded Copper, Black, 500'",Wire,,0.850074,modified in 2026,(newly created),,,,(newly created),,
NEW_INT_NEW_ZUPER,5385454000003041309,94581,"6 AWG THHN/THWN-2 Stranded Copper, Red, 500'",Wire,,0.850074,modified in 2026,(newly created),,,,(newly created),,
NEW_INT_NEW_ZUPER,5385454000000167707,THHN-6-WHT-19STR-CU-500R,6 AWG; White STR,Wire,,0.850074,modified in 2026,(newly created),,,,(newly created),,
NEW_INT_NEW_ZUPER,5385454000002759002,992615,60 A Siemens 2P breaker,Breaker,Siemens,1,in 2026 SO,(newly created),,,,(newly created),,
NEW_INT_NEW_ZUPER,5385454000017953543,D222NRBCP,60 Amp 240-Volt 2-Pole Fused Outdoor General Duty Safety Switch,,,1,in 2026 SO,(newly created),,,,(newly created),,
NEW_INT_NEW_ZUPER,5385454000000518186,HOFF A6636RT,6x6x36 Wiring Trough NEMA3R SC,Electrical Component,,201.65,modified in 2026,(newly created),,,,(newly created),,
NEW_INT_NEW_ZUPER,5385454000001176020,A6672RT,6X6X72 In. Gutter Outdoor,Load Center,,,modified in 2026,(newly created),,,,(newly created),,
NEW_INT_NEW_ZUPER,5385454000006624040,"70"" Wind Deflectors","70"" Wind Deflectors (Ballast)",,,18.87,modified in 2026,(newly created),,,,(newly created),,
NEW_INT_NEW_ZUPER,5385454000002530003,AB-8836RT,"8""x8""x36"" Gutter",Electrical Component,,,modified in 2026,(newly created),,,,(newly created),,
NEW_INT_NEW_ZUPER,5385454000003063199,LIAS4-Q,Ballast-LIAS4-Q Grounding Lug,,,6.58,modified in 2026,(newly created),,,,(newly created),,
NEW_INT_NEW_ZUPER,5385454000000167961,BARE-SD-4-SOL-CU-198R,Bare Wire; Copper; SOL; 4 AWG,Electrical Component,,1.161358,modified in 2026,(newly created),,,,(newly created),,
NEW_INT_NEW_ZUPER,5385454000000167757,BARE-SD-6-SOL-CU-315R,Bare Wire; Copper; SOL; 6 AWG; 600 V,Electrical Component,,0.751953,modified in 2026,(newly created),,,,(newly created),,
NEW_INT_NEW_ZUPER,5385454000006133530,1887507,black vinyl tape,Non-inventory,,1.07,modified in 2026,(newly created),,,,(newly created),,
NEW_INT_NEW_ZUPER,5385454000002582343,461700CBLU,Blue vinyl tape,Non-inventory,,1,modified in 2026,(newly created),,,,(newly created),,
NEW_INT_NEW_ZUPER,5385454000000518024,BIPC2504S,Burndy BIPC2504S,Electrical Component,,,in 2026 SO,(newly created),,,,(newly created),,
NEW_INT_NEW_ZUPER,5385454000001103168,FRN-R-80,"BUSSMANN Fuse: 80 A, 250V AC, 5-7/8 in L x 1-1/16 in dia Fuse Size, Blade Body, FRN-R",Fuse,,23.738,in 2026 SO,(newly created),,,,(newly created),,
NEW_INT_NEW_ZUPER,5385454000000164651,CTAPF4-12-C,C-Tap Connector; 6 AWG,Electrical Component,,1.80423,modified in 2026,(newly created),,,,(newly created),,
NEW_INT_NEW_ZUPER,5385454000019292495,CH250,CH 50 Amp 240 Volts 2-Pole Circuit Breaker with Trip Flag,Breaker,,,in 2026 SO,(newly created),,,,(newly created),,
NEW_INT_NEW_ZUPER,5385454000009162036,CSR2100,Circuit Breaker; Main; 2 Pole; 100 A; 120/240 VAC; 25 kAIC; CSR Series,Breaker,,221.79,in 2026 SO,(newly created),,,,(newly created),,
NEW_INT_NEW_ZUPER,5385454000000811012,F1212,Clear Polyether Based Elastomeric Sealant,Non-inventory,,,modified in 2026,(newly created),,,,(newly created),,
NEW_INT_NEW_ZUPER,5385454000002582428,F1212CL,Clear Sealant,Non-inventory,,10.23,modified in 2026,(newly created),,,,(newly created),,
NEW_INT_NEW_ZUPER,5385454000000167100,LR-43CG,Conduit Body - LR; 1 In,Electrical Component,,9.89741,modified in 2026,(newly created),,,,(newly created),,
NEW_INT_NEW_ZUPER,5385454000019901166,LB250DCG,"Conduit Body, Type: LB, Size: 2-1/2"", Cover/Gasket, Aluminum",Electrical Component,,,modified in 2026,(newly created),,,,(newly created),,
NEW_INT_NEW_ZUPER,5385454000009794424,L-700-D,"Conduit Locknut, 2-1/2"" Diameter, Zinc Die Cast",Locknut,,3.33526,in 2026 SO,(newly created),,,,(newly created),,
NEW_INT_NEW_ZUPER,5385454000006346012,2011s,"Copper Splice Cap Crimp Conn, 14-4 Awg, 50/Bag",,,,modified in 2026,(newly created),,,,(newly created),,
NEW_INT_NEW_ZUPER,5385454000006726347,2006s,"Copper Splice Cap Crimp Conn, 18-10 AWG, 100/Bag",,,0.46194,modified in 2026,(newly created),,,,(newly created),,
NEW_INT_NEW_ZUPER,5385454000015842239,125CPL,"Coupling, 1-1/4"" Diameter, PVC, Gray",PVC,,,modified in 2026,(newly created),,,,(newly created),,
NEW_INT_NEW_ZUPER,5385454000007103145,250CPL,"Coupling, 2-1/2"" Diameter, PVC, Gray",Coupling,,1.5222,modified in 2026,(newly created),,,,(newly created),,
NEW_INT_NEW_ZUPER,5385454000000523611,S6468,"Critter Guard; 8"" -100' rolls",Solar Component,Heyco,100.43,modified in 2026,(newly created),,,,(newly created),,
LINK_INT_NEW_ZUPER,5385454000016968595,1622289-00-X,CT Harness,Tesla,Tesla,,modified in 2026,cmn6lspz9002i7a8o6rqehh1h,Tesla,1622289-00-x,sku,(newly created),,
NEW_INT_NEW_ZUPER,5385454000015780011,1910159,"Current Transformer Cabinet, 400/600A, 600VAC, 3PH, 4W, CM40 Cabinet, Aluminum Bus, Line & Load Lugs, 85kAIC",Electrical Component,,1506.02,modified in 2026,(newly created),,,,(newly created),,
NEW_INT_NEW_ZUPER,5385454000012697022,TH3221R,"Disconnect Switch, 30A, 240VAC, 250VDC, 2P, Fusible, NEMA 3R",Electrical Component,,219.157,modified in 2026,(newly created),,,,(newly created),,
NEW_INT_NEW_ZUPER,5385454000005173003,TGN3323R,"Disconnect Switch, Non-Fusible, 100A, 240VAC, NEMA 3R, General Duty",Electrical Component,,158.962,in 2026 SO,(newly created),,,,(newly created),,
NEW_INT_NEW_ZUPER,5385454000000838085,TGN3324R,"Disconnect Switch, Non-Fusible, 200A, 240VAC, NEMA 3R, General Duty",Electrical Component,,730.5,in 2026 SO,(newly created),,,,(newly created),,
NEW_INT_NEW_ZUPER,5385454000006346920,LK125AN,DIST PANEL NEUTRAL LUG #14-2/0,,,20,in 2026 SO,(newly created),,,,(newly created),,
NEW_INT_NEW_ZUPER,5385454000009462597,DC-10,Duct Seal,Non-inventory,,,modified in 2026,(newly created),,,,(newly created),,
NEW_INT_NEW_ZUPER,5385454000004075978,BQ220220,Eaton BQ220220,Breaker,EATON,67.66,in 2026 SO,(newly created),,,,(newly created),,
NEW_INT_NEW_ZUPER,5385454000000481684,BR215,Eaton BR -15a 2p,Breaker,EATON,14,modified in 2026,(newly created),,,,(newly created),,
NEW_INT_NEW_ZUPER,5385454000000481913,BR240,Eaton BR -40a 2p,Breaker,EATON,14,modified in 2026,(newly created),,,,(newly created),,
NEW_INT_NEW_ZUPER,5385454000000376064,BR2125,Eaton BR 125A 2P Breaker,Breaker,EATON,94.43,modified in 2026,(newly created),,,,(newly created),,
NEW_INT_NEW_ZUPER,5385454000000488003,BR280,Eaton BR- 80a 2p,Breaker,EATON,,modified in 2026,(newly created),,,,(newly created),,
NEW_INT_NEW_ZUPER,5385454000002685318,BRHDK125,Eaton Hold Down SCR kit,,,1,in 2026 SO,(newly created),,,,(newly created),,
NEW_INT_NEW_ZUPER,5385454000002448112,782114004074,Eaton Hub Meter Closure Plate,,,1,in 2026 SO,(newly created),,,,(newly created),,
NEW_INT_NEW_ZUPER,5385454000006672001,ES10844,Ecofoot Strut to Mod Kits,Solar Component,,15.26,modified in 2026,(newly created),,,,(newly created),,
NEW_INT_NEW_ZUPER,5385454000006728037,ES20311H,ECOFOOT2+ 86'' WIND DEFLECTOR,Solar Component,,18.87,modified in 2026,(newly created),,,,(newly created),,
NEW_INT_NEW_ZUPER,5385454000001104083,2083,"EMT 1 hole Conduit Strap- 3/4""",Strap,,,modified in 2026,(newly created),,,,(newly created),,
NEW_INT_NEW_ZUPER,5385454000003038712,174947,"EMT 1-HOLE Strap-1""",Strap,,,modified in 2026,(newly created),,,,(newly created),,
NEW_INT_NEW_ZUPER,5385454000000164253,251RT2,EMT Compression Connector (Raintight); 3/4 In,Electrical Component,,,modified in 2026,(newly created),,,,(newly created),,
NEW_INT_NEW_ZUPER,5385454000011047749,265-SRT,"EMT Compression Coupling, 2"", Raintight, Steel",Coupling,,,modified in 2026,(newly created),,,,(newly created),,
NEW_INT_NEW_ZUPER,5385454000003074249,255RT2,"EMT Connector (Raintight); 2""",Electrical Component,,12.6219,modified in 2026,(newly created),,,,(newly created),,
NEW_INT_NEW_ZUPER,5385454000003041111,2904RT,"EMT CONNECTOR- 1""",Coupling,,,modified in 2026,(newly created),,,,(newly created),,
NEW_INT_NEW_ZUPER,5385454000003074312,265SRT,"EMT Coupling, 2""",Coupling,,,modified in 2026,(newly created),,,,(newly created),,
NEW_INT_NEW_ZUPER,5385454000002780527,P1427AS-EG,"EMT Strut Strap, 3/4"", Steel, Electro-Galvanized",Strap,,,modified in 2026,(newly created),,,,(newly created),,
NEW_INT_NEW_ZUPER,5385454000019251219,b10c-nc09798-o-dom,Enphase IQ Battery Cover,,,,modified in 2026,(newly created),,,,(newly created),,
NEW_INT_NEW_ZUPER,5385454000019023673,Enhpase IQ-Battery- 10C-1P-NA,Enphase IQ-Battery- 10C-1P-NA,,,,in 2026 SO,(newly created),,,,(newly created),,
NEW_INT_LINK_ZUPER,5385454000008180225,ENP IQ8A-72-M-US,"Enphase IQ8A Microinverter w/MC4 Connectors, IQ8A-72-M-US",Inverter,,200.872,modified in 2026,(newly created),,,,d0c62cfa-8e3f-4935-96a8-7a0f1ff89651,Enphase IQ8 Microinverter w/ MC4,sku
NEW_INT_NEW_ZUPER,5385454000019023626,X-IQ-AM1-240-6C,Enphase- Combiner 6C,,,,in 2026 SO,(newly created),,,,(newly created),,
NEW_INT_NEW_ZUPER,5385454000006624061,81003936207,Flashlock RM,,,37.86,modified in 2026,(newly created),,,,(newly created),,
NEW_INT_NEW_ZUPER,5385454000019806091,0708056,FLT Nail Plates,,,,modified in 2026,(newly created),,,,(newly created),,
NEW_INT_NEW_ZUPER,5385454000000167911,RWA-3/4,FMC- 3/4 In.; 100 Ft.,Electrical Component,FLEX,0.95739,modified in 2026,(newly created),,,,(newly created),,
LINK_INT_NEW_ZUPER,5385454000000495125,FRNR40,Fuse Class RK5 Time Delay -40A,Fuse,,4.64,modified in 2026,cmngieu5x000b04l5juludmcd,bussman,FRN-R-40,sku,(newly created),,
NEW_INT_NEW_ZUPER,5385454000007918055,FRN-R-30,"Fuse, 30 Amp, Class RK5, Dual-Element, Time-Delay, 250V AC/DC",Fuse,,7.866,modified in 2026,(newly created),,,,(newly created),,
NEW_INT_NEW_ZUPER,5385454000002669032,FUS 250V T/D CLASS RK5 200A,Fuses -200A,Fuse,,,modified in 2026,(newly created),,,,(newly created),,
NEW_INT_NEW_ZUPER,5385454000002504032,46201,Fuses -BUSSMAN 60 amp,Fuse,,,modified in 2026,(newly created),,,,(newly created),,
NEW_INT_NEW_ZUPER,5385454000000537374,FRNR125,Fuses FRNR -125A,Fuse,,73.05,modified in 2026,(newly created),,,,(newly created),,
NEW_INT_NEW_ZUPER,5385454000000153072,1841000-01-Y,Gateway Internal Panel Board Kit,Tesla,,835,modified in 2026,(newly created),,,,(newly created),,
NEW_INT_NEW_ZUPER,5385454000002735317,dg224urk,"General duty non-fusible safety switch, single-throw, 200 A",Load Center,,1,in 2026 SO,(newly created),,,,(newly created),,
NEW_INT_NEW_ZUPER,5385454000019272049,54725,Green : C-Tap,,,,modified in 2026,(newly created),,,,(newly created),,
NEW_INT_NEW_ZUPER,5385454000000167470,GBK10,"Ground bar kit; 10 slot; 14-4, 6-2/0 AWG",Electrical Component,,16.089,modified in 2026,(newly created),,,,(newly created),,
NEW_INT_NEW_ZUPER,5385454000000167524,GBK2120,"Ground bar kit; 21 slot ; 14-4, 6-2/0 AWG",Electrical Component,,42.209,modified in 2026,(newly created),,,,(newly created),,
NEW_INT_NEW_ZUPER,5385454000000167499,GBK5,Ground bar kit; 5 slot; 14-4 AWG,Electrical Component,,11.403,modified in 2026,(newly created),,,,(newly created),,
NEW_INT_NEW_ZUPER,5385454000000164900,382-DC,Grounding Bushing; 3/4in,Bushing,,2.50504,modified in 2026,(newly created),,,,(newly created),,
NEW_INT_NEW_ZUPER,5385454000000135218,M3234GBR-SM,Heyco M3234GBR-SM 5 Hole 3/4 Inch Hub Solar Masthead II,Solar Component,Heyco,1.83,modified in 2026,(newly created),,,,(newly created),,
NEW_INT_NEW_ZUPER,5385454000001103134,HOM280CP,Homeline 80 Amp 2-Pole Circuit Breaker,Breaker,Square D,67.2,in 2026 SO,(newly created),,,,(newly created),,
NEW_INT_NEW_ZUPER,5385454000005801285,B200,"Hub Adaptor, SQD Load Center Acc; Bolt-on Hub; Rainproof; 2 In.; NEMA 3R SQD B200",Electrical Component,,26.14,in 2026 SO,(newly created),,,,(newly created),,
NEW_INT_NEW_ZUPER,5385454000016968247,QM-HUG-01-B1-US,Ironridge Hugs -US,Solar Component,IRONRIDGE,,in 2026 SO,(newly created),,,,(newly created),,
NEW_INT_NEW_ZUPER,5385454000000135071,QM-BUG-01-M1/2249914,IronRidge QuickMount BUG Conduit Mount,Solar Component,IRONRIDGE,,modified in 2026,(newly created),,,,(newly created),,
NEW_INT_NEW_ZUPER,5385454000016968165,UFO-END-01-B1-US,Ironridge UFO- Ends BLK-US,Solar Component,IRONRIDGE,,modified in 2026,(newly created),,,,(newly created),,
NEW_INT_NEW_ZUPER,5385454000016968084,XR10-BOSS-01-M1-US,Ironridge X10 Splice -US,Solar Component,IRONRIDGE,5.353,in 2026 SO,(newly created),,,,(newly created),,
LINK_INT_NEW_ZUPER,5385454000016968047,XR-100-168M- US,Ironridge XR100 -US,Solar Component,IRONRIDGE,,modified in 2026,cmn6lstyj004b7a8olv5u9pe4,IronRidge,XR-100168M-US,sku,(newly created),,
NEW_INT_NEW_ZUPER,5385454000001321958,XR-100-CAP01-B1,IronRidge XR100 End Cap (L-R Pair),,,,modified in 2026,(newly created),,,,(newly created),,
NEW_INT_LINK_ZUPER,5385454000001807113,XR-1000-210M,Ironridge XR1000,,,100.38,modified in 2026,(newly created),,,,115c1ff4-35f6-471b-84ef-5b3ead3cdde9,IronRidge XR1000,name
NEW_INT_NEW_ZUPER,5385454000019901183,WAS250,"KO Seal, Gasketed, Oil Tight Hole Seals, 2-1/2"", Steel",Electrical Component,,,modified in 2026,(newly created),,,,(newly created),,
NEW_INT_NEW_ZUPER,5385454000002587219,20051/ AS100 / HP100,"KO Seal- 1""",Electrical Component,,19.44,modified in 2026,(newly created),,,,(newly created),,
NEW_INT_NEW_ZUPER,5385454000002818483,AS200/ HP200,"KO Seal- 2""",Electrical Component,,13.734,modified in 2026,(newly created),,,,(newly created),,
NEW_INT_NEW_ZUPER,5385454000002587246,20217/ AS075,"KO Seal- 3/4""",Electrical Component,,,modified in 2026,(newly created),,,,(newly created),,
NEW_INT_NEW_ZUPER,5385454000006346857,LB20 PVC,"LB20 2"" PVC LB",,,18.5077,in 2026 SO,(newly created),,,,(newly created),,
NEW_INT_NEW_ZUPER,5385454000006001492,LFT-03-D1,LFT- BLACK,Solar Component,,,modified in 2026,(newly created),,,,(newly created),,
NEW_INT_NEW_ZUPER,5385454000015014074,LTB-400,Liquid Electrical Tape,,,40.729,modified in 2026,(newly created),,,,(newly created),,
NEW_INT_NEW_ZUPER,5385454000002876789,959914,"LL -1""",Electrical Component,,,modified in 2026,(newly created),,,,(newly created),,
NEW_INT_NEW_ZUPER,5385454000000167150,LL-42CG/ 766579,"LL -3/4""",Electrical Component,,7.65194,modified in 2026,(newly created),,,,(newly created),,
NEW_INT_NEW_ZUPER,5385454000002818714,HOM4080L225PRB,Load Center; Aluminum Bus; Convertible Main Lug; 225 A; 80 Circuit; 40 Spaces; Outdoor,Load Center,,,modified in 2026,(newly created),,,,(newly created),,
NEW_INT_NEW_ZUPER,5385454000003041069,48263,"Locknut- 1""",Locknut,,0.29601,modified in 2026,(newly created),,,,(newly created),,
NEW_INT_NEW_ZUPER,5385454000002404730,logistics-adder,Logistics Adder,Non-inventory,,619.48,modified in 2026,(newly created),,,,(newly created),,
NEW_INT_NEW_ZUPER,5385454000000167075,LR-42CG,"LR -3/4""",Electrical Component,,,modified in 2026,(newly created),,,,(newly created),,
NEW_INT_NEW_ZUPER,5385454000000168091,32.0016P0001-UR,MC4; Female,Solar Component,,1.98436,modified in 2026,(newly created),,,,(newly created),,
NEW_INT_NEW_ZUPER,5385454000000168116,32.0017P0001-UR,MC4; Male,Solar Component,,1.73632,modified in 2026,(newly created),,,,(newly created),,
NEW_INT_NEW_ZUPER,5385454000000301905,6116,Meter Plastic Jumper Cover,Electrical Component,Milbank,13.13,modified in 2026,(newly created),,,,(newly created),,
NEW_INT_NEW_ZUPER,5385454000019901331,PBTS-2-250,"Multi-Tap Connector, 2 Port, 1 Side Entry, 6 to 250 MCM, AL/CU",,,,modified in 2026,(newly created),,,,(newly created),,
NEW_INT_NEW_ZUPER,5385454000019901315,PBTS-2-3/0,"Multi-Tap Connector, 2 Port, 1 Side Entry, 6 to 3/0 AWG, AL/CU",,,,modified in 2026,(newly created),,,,(newly created),,
NEW_INT_NEW_ZUPER,5385454000012867226,BIT350,"Multiple Tap Connector, 2 Port, 1 Sided",Electrical Component,,54.612,modified in 2026,(newly created),,,,(newly created),,
NEW_INT_NEW_ZUPER,5385454000006466549,279-S00,"NEMA14-50R 50 Amp Flush Mount Receptacle, 125/250V, 14-50R, 3P4W, Grounding",Electrical Component,,6.075,modified in 2026,(newly created),,,,(newly created),,
NEW_INT_NEW_ZUPER,5385454000014557400,1133339-00-A,Neurio Meter Cable,,Tesla,,modified in 2026,(newly created),,,,(newly created),,
NEW_INT_NEW_ZUPER,5385454000003068238,NIPGALV2.5X6,"Nipple, 2.5"" x6""",Nipple,,,in 2026 SO,(newly created),,,,(newly created),,
NEW_INT_NEW_ZUPER,5385454000000144147,11830/ 038753118307,"Oatey 1/2""-1"" Solar Flashing",Solar Component,,,modified in 2026,(newly created),,,,(newly created),,
NEW_INT_NEW_ZUPER,5385454000002732604,461700CORN,Orange Vinyl Tape,Non-inventory,,1,modified in 2026,(newly created),,,,(newly created),,
NEW_INT_NEW_ZUPER,5385454000002977263,47836,"PLASTIC Bushing- 1""",Bushing,,,modified in 2026,(newly created),,,,(newly created),,
NEW_INT_NEW_ZUPER,5385454000003068523,NSI IT250,Polaris Plugs (2port) -250,,,26.605,modified in 2026,(newly created),,,,(newly created),,
NEW_INT_NEW_ZUPER,5385454000012797217,Item #: 81021 Cat #: U054 UPC: 784567300185,"Power Outlet Panel, Temporary, 50A, 120/240VAC, NEMA 3R",Electrical Component,,65.448,modified in 2026,(newly created),,,,(newly created),,
NEW_INT_NEW_ZUPER,5385454000000789117,451597,PV Wire- BLACK,Wire,,0.42,modified in 2026,(newly created),,,,(newly created),,
NEW_INT_NEW_ZUPER,5385454000002734242,823793,PV Wire- Red,Wire,,0.568071,modified in 2026,(newly created),,,,(newly created),,
NEW_INT_NEW_ZUPER,5385454000001323265,PVC CEMENTQT,PVC CEMENTQT PVC Cement; 16 Oz.; Clear; 40 to 100 °F,Electrical Component,,,modified in 2026,(newly created),,,,(newly created),,
NEW_INT_NEW_ZUPER,5385454000003063851,PVC CPL2,PVC COUPLING 2'',Coupling,,,modified in 2026,(newly created),,,,(newly created),,
NEW_INT_NEW_ZUPER,5385454000003068343,PVC TA2.5,"PVC Male Terminal Adaptor; 2.5""",PVC,,,modified in 2026,(newly created),,,,(newly created),,
NEW_INT_NEW_ZUPER,5385454000016443130,2260444,PW2 Retrun Box,,,,modified in 2026,(newly created),,,,(newly created),,
NEW_INT_NEW_ZUPER,5385454000018808849,1707000-11-M,PW3 -Non Domestic,Tesla,,,in 2026 SO,(newly created),,,,(newly created),,
NEW_INT_NEW_ZUPER,5385454000000096379,QCELL400,Q Cell 400,Module,,160,modified in 2026,(newly created),,,,(newly created),,
NEW_INT_NEW_ZUPER,5385454000016123519,QCell 400 Duo ML,QCell 400 Duo ML,Module,,,modified in 2026,(newly created),,,,(newly created),,
NEW_INT_NEW_ZUPER,5385454000000096342,QCell 405 ML,QCell 405 ML,Module,,162,modified in 2026,(newly created),,,,(newly created),,
NEW_INT_NEW_ZUPER,5385454000015499159,QCell 425,QCell 425,,,,modified in 2026,(newly created),,,,(newly created),,
NEW_INT_NEW_ZUPER,5385454000015907176,QCELL 430,QCELL 430,Module,,,modified in 2026,(newly created),,,,(newly created),,
NEW_INT_NEW_ZUPER,5385454000016123610,QCell 430,QCell 430,Module,,,modified in 2026,(newly created),,,,(newly created),,
NEW_INT_NEW_ZUPER,5385454000000304473,QTron M-G2+ 430W -BLK,QTron 430,Module,,,modified in 2026,(newly created),,,,(newly created),,
NEW_INT_NEW_ZUPER,5385454000016123811,REC 325 TP3M,REC 325 TP3M,Module,,,modified in 2026,(newly created),,,,(newly created),,
NEW_INT_NEW_ZUPER,5385454000016123926,REC 345 AA,REC 345 AA,Module,REC,,modified in 2026,(newly created),,,,(newly created),,
NEW_INT_NEW_ZUPER,5385454000000096268,REC350AA BLK Q2,REC 350 AA,Module,REC,140,modified in 2026,(newly created),,,,(newly created),,
NEW_INT_NEW_ZUPER,5385454000000096305,REC360AA Black,REC 360 AA,Module,REC,144,modified in 2026,(newly created),,,,(newly created),,
NEW_INT_NEW_ZUPER,5385454000000097256,REC365AA BLK,REC 365 AA,Module,REC,146,modified in 2026,(newly created),,,,(newly created),,
NEW_INT_NEW_ZUPER,5385454000016180063,REC 400 AA,REC 400 AA,Module,REC,,modified in 2026,(newly created),,,,(newly created),,
NEW_INT_NEW_ZUPER,5385454000016180120,REC 440 AA,REC 440 AA,Module,,,modified in 2026,(newly created),,,,(newly created),,
NEW_INT_NEW_ZUPER,5385454000000097092,REC325NP,REC N PEAK 325,Module,REC,130,modified in 2026,(newly created),,,,(newly created),,
NEW_INT_NEW_ZUPER,5385454000007207461,REC450AA Pure-RX,REC450AA Pure-RX,Module,,257.44,modified in 2026,(newly created),,,,(newly created),,
NEW_INT_NEW_ZUPER,5385454000002762217,076308925758,Red vinyl tape,Non-inventory,,,modified in 2026,(newly created),,,,(newly created),,
NEW_INT_NEW_ZUPER,5385454000000106052,2045794-xx-y,RS-485 Harness for Tesla Remote Energy Meter,Tesla,Tesla,16,modified in 2026,(newly created),,,,(newly created),,
NEW_INT_NEW_ZUPER,5385454000005503236,S-5! CorruBracket -U,"S-5! CorruBracket ""U"" 100T",Solar Component,,7.98,modified in 2026,(newly created),,,,(newly created),,
NEW_INT_NEW_ZUPER,5385454000000577064,S5 S-5-S,S-5! Solar Racking Direct Attachment; Roof Clamp,Clamp - Solar,,5.65,modified in 2026,(newly created),,,,(newly created),,
NEW_INT_NEW_ZUPER,5385454000006136646,COND1-1/4,"SCH 40 -1.25""",Electrical Component,,3.2162,in 2026 SO,(newly created),,,,(newly created),,
NEW_INT_NEW_ZUPER,5385454000006108142,PVC COND2,"SCH 40- 2"" 10' PVC",Electrical Component,,,modified in 2026,(newly created),,,,(newly created),,
NEW_INT_NEW_ZUPER,5385454000003063914,PVC EL2,"SCH40 90D ELBOW 2""",PVC,,,modified in 2026,(newly created),,,,(newly created),,
NEW_INT_NEW_ZUPER,5385454000018008018,F1263BL,Sealant -Black,,,,modified in 2026,(newly created),,,,(newly created),,
NEW_INT_NEW_ZUPER,5385454000012867355,Item #: 45610 Cat #: 1207 UPC: 050169012079,"Sealing Locknut, 2-1/2"", Steel",Locknut,,15.62583,modified in 2026,(newly created),,,,(newly created),,
NEW_INT_NEW_ZUPER,5385454000002840482,63405,SER 4/0,Electrical Component,,4.5,in 2026 SO,(newly created),,,,(newly created),,
NEW_INT_NEW_ZUPER,5385454000002911762,Q3030,Siemens 30/30,Breaker,Siemens,,in 2026 SO,(newly created),,,,(newly created),,
NEW_INT_NEW_ZUPER,5385454000009108706,Q22020CT2,"Siemens Q22020CT2 Quadplex Circuit Breaker, 2-Pole 20A-20A Inner-Outer Common-Trip, 120/240V AC, Plug-In, 10kA",Breaker,,219.91,in 2026 SO,(newly created),,,,(newly created),,
NEW_INT_NEW_ZUPER,5385454000009564753,Q22040CT,"Siemens Q22040CT Triplex Circuit Breaker, Single-Pole 20A, 2-Pole 40A Common-Trip, 120/240V AC, Plug-In, 10kA",Breaker,,,modified in 2026,(newly created),,,,(newly created),,
NEW_INT_NEW_ZUPER,5385454000003115685,QO3040,"Siemens, 30/40 Quad",Breaker,Siemens,,modified in 2026,(newly created),,,,(newly created),,
NEW_INT_NEW_ZUPER,5385454000000477768,Q230,"Siemens, 30A  2P Breaker",Breaker,Siemens,14.28,in 2026 SO,(newly created),,,,(newly created),,
LINK_ALL,5385454000000155133,SIL-410 HC+,Silfab 410 HC,Module,,153.75,modified in 2026,cmn6t8q8d00050i8ocq52tahd,Silfab,SIL-410 HC+,model,9be769b2-1b88-468e-8729-e0f2f28483e9,SIL-410 HC+,sku
NEW_INT_NEW_ZUPER,5385454000000726325,068063 / 1369798,"Slip Meter Riser, 2"" Diameter, 2' Length, PVC",Electrical Component,,29.0051,in 2026 SO,(newly created),,,,(newly created),,
NEW_INT_NEW_ZUPER,5385454000016180379,Solalria 400 X,Solalria 400 X,Module,,,modified in 2026,(newly created),,,,(newly created),,
NEW_INT_NEW_ZUPER,5385454000019806784,SE20K-USR81BNZ4,SolarEdge 20k,,,,modified in 2026,(newly created),,,,(newly created),,
NEW_INT_LINK_ZUPER,5385454000018963096,SVC-042,SolarEdge Site Transfer,,,300,modified in 2026,(newly created),,,,5b39633a-0d15-4e53-a5cc-ad114c9effcf,SolarEdge Site Transfer,sku
NEW_INT_NEW_ZUPER,5385454000000155001,Powers-390R,Solaria 390R,Solar Component,,,modified in 2026,(newly created),,,,(newly created),,
NEW_INT_NEW_ZUPER,5385454000016180322,Solaria 410 A,Solaria 410 A,Module,,,modified in 2026,(newly created),,,,(newly created),,
NEW_INT_NEW_ZUPER,5385454000007119675,2007,"Splice Cap Insulator for 2006S, 100/Box",,,0.54908,modified in 2026,(newly created),,,,(newly created),,
NEW_INT_NEW_ZUPER,5385454000002876676,2014,"Splice Cap Insulator for 2011S, 50PK",Other,,,modified in 2026,(newly created),,,,(newly created),,
NEW_INT_NEW_ZUPER,5385454000000406027,HOMT220230,SQD HOM 30A 2P/20A 2P Quad breaker,Breaker,Square D,,modified in 2026,(newly created),,,,(newly created),,
NEW_INT_NEW_ZUPER,5385454000001220766,BHW-SQ-02-A1,Square-Bolt Bonding Hardware (Rail Bolts),Electrical Component,IRONRIDGE,1.69,modified in 2026,(newly created),,,,(newly created),,
NEW_INT_NEW_ZUPER,5385454000003038951,2378796,"Strut: 1-5/8"" x 1-5/8"" x 10', Steel, Electro-Galvanized",,,,modified in 2026,(newly created),,,,(newly created),,
LINK_INT_NEW_ZUPER,5385454000019512029,HEPD80,Surge Protection Device; Whole House; 120/240 VAC; 1 Phase; Panel Mount,Electrical Component,,,in 2026 SO,cmnt1wwfc009n04jre8809tuw,Square D,HEPD80,sku,(newly created),,
NEW_INT_NEW_ZUPER,5385454000000155487,P2060713-00-B,Tesla Remote Meter CT Extensions,Tesla,,,in 2026 SO,(newly created),,,,(newly created),,
NEW_INT_NEW_ZUPER,5385454000016180241,Tesla T400,Tesla T400,Module,,,modified in 2026,(newly created),,,,(newly created),,
NEW_INT_NEW_ZUPER,5385454000001217053,THQL21125,"THQL21125 Breaker, 125A, 2P, 120/240V, 10 kAIC, Q-Line Series",Breaker,,88.767,in 2026 SO,(newly created),,,,(newly created),,
NEW_INT_NEW_ZUPER,5385454000019901200,GRC250XCL,"Threaded Conduit Nipple, 2-1/2"" x Close, Steel",Electrical Component,,,modified in 2026,(newly created),,,,(newly created),,
NEW_INT_NEW_ZUPER,5385454000001253738,304001D,Unirac L-foot,Solar Component,,,in 2026 SO,(newly created),,,,(newly created),,
NEW_INT_NEW_ZUPER,5385454000000135601,302045D,Unirac Mid Clamp,Clamp - Solar,Unirac,3.07,modified in 2026,(newly created),,,,(newly created),,
NEW_INT_NEW_ZUPER,5385454000016055476,5341-0,"Weatherproof Box, 2 Gang, (3) 3/4"" Outlets, 2"" Deep, Aluminum Die Cast",Electrical Component,,,modified in 2026,(newly created),,,,(newly created),,
NEW_INT_NEW_ZUPER,5385454000005622049,51489,"Weatherproof Box, 2 Gang, (5) 1"" Outlets, 2-5/8"" Deep, Aluminum Die Cast",Electrical Component,,17.39706,modified in 2026,(newly created),,,,(newly created),,
NEW_INT_NEW_ZUPER,5385454000007436202,5175-0,"Weatherproof Cover, 2-Gang, Blank, Aluminum, Gray",,,,modified in 2026,(newly created),,,,(newly created),,
NEW_INT_NEW_ZUPER,5385454000002582390,461700CWHT,White vinyl tape,Non-inventory,,1,modified in 2026,(newly created),,,,(newly created),,
NEW_INT_NEW_ZUPER,5385454000000135551,81003936300 / ES20311H,"Wind Deflector 82"" (Ballast)",Solar Component,Unirac,19.12,modified in 2026,(newly created),,,,(newly created),,
NEW_INT_NEW_ZUPER,5385454000018808882,1807000-20-y,XP -ESA,Tesla,,,modified in 2026,(newly created),,,,(newly created),,
NEW_INT_NEW_ZUPER,5385454000000345177,XR-10-168B,XR10 14’ Black Rail,Solar Component,,35.99,modified in 2026,(newly created),,,,(newly created),,
NEW_INT_NEW_ZUPER,5385454000002582409,461700CYLW,Yellow vinyl tape,Non-inventory,,1,modified in 2026,(newly created),,,,(newly created),,
